"","ID","Description","GeneRatio","BgRatio","pvalue","p.adjust","qvalue","geneID","Count"
"mmu04640","mmu04640","Hematopoietic cell lineage","13/263","95/8275",8.54407619400847e-06,0.00126628634404079,0.00112960423197216,"12491/16192/16193/13136/16184/16403/12494/54368/12483/12478/16190/16790/14255",13
"mmu04512","mmu04512","ECM-receptor interaction","12/263","83/8275",1.07312402037355e-05,0.00126628634404079,0.00112960423197216,"22371/12491/16776/20971/16403/12840/15530/20750/12843/54368/12835/243816",12
"mmu04060","mmu04060","Cytokine-cytokine receptor interaction","21/263","296/8275",0.000463767338526415,0.0364830306307446,0.0325450763878186,"56221/16192/17480/21939/16193/17082/16182/21934/16184/21941/57349/56744/60504/16190/16186/22035/257630/21936/246779/12766/107527",21
"mmu05144","mmu05144","Malaria","7/263","49/8275",0.000828480262343826,0.0401071636802891,0.0357780229083756,"12491/21939/16193/16408/13349/15129/101488143",7
"mmu05340","mmu05340","Primary immunodeficiency","6/263","36/8275",0.000849728044073921,0.0401071636802891,0.0357780229083756,"12518/21939/11486/12478/16186/19373",6
"mmu04659","mmu04659","Th17 cell differentiation","10/263","102/8275",0.00143982800474245,0.056633234853203,0.0505202808681561,"20181/16193/16184/18761/18019/16797/60504/16190/16186/257630",10
"mmu05321","mmu05321","Inflammatory bowel disease (IBD)","7/263","59/8275",0.00251278508807995,0.084716754398124,0.0755724838520286,"16193/16182/60504/16190/16186/257630/53791",7
