"","ID","Description","GeneRatio","BgRatio","pvalue","p.adjust","qvalue","geneID","Count"
"mmu05144","mmu05144","Malaria","6/81","49/8275",7.29199349287122e-06,0.00141464673761702,0.00131255882871682,"17295/16176/16159/22329/24088/21825",6
"mmu05143","mmu05143","African trypanosomiasis","4/81","36/8275",0.000395506622815822,0.0383641424131347,0.035595596053424,"16176/16159/22329/18795",4
"mmu04625","mmu04625","C-type lectin receptor signaling pathway","6/81","112/8275",0.000764939147584673,0.0494660648771422,0.0458963488550804,"56620/16176/16159/12795/19225/13654",6
